Timestamp,Sensor1,Sensor2,Sensor3,...
4.844813806004822,23.265333333333338,1510.6444444444444,23.967111111111112,0.0,0.0,80.28161194587803
5.891047161072493,22.509454545454556,1477.4545454545455,23.948727272727268,0.0,0.0,79.74114487798737
6.995812545064837,22.943846153846163,1484.1692307692308,23.528307692307692,0.0,0.0,79.07086722895569
7.990292879985645,23.175135135135143,1489.1891891891892,23.576486486486488,0.0,0.0,77.76220196267036
9.236974745988846,23.428452380952393,1491.4404761904761,23.13892857142858,0.0,0.0,76.36976078964292
10.31078043114394,23.58159574468086,1495.968085106383,22.805319148936178,0.0,0.0,77.75245761118515
11.3346845919732,23.632403846153856,1489.1442307692307,22.114903846153847,0.0,0.0,77.30823502289701
12.424805501010269,23.39964912280702,1487.1140350877192,22.24666666666667,0.0,0.0,78.84916110180583
13.51856914209202,23.358145161290327,1478.25,22.03677419354839,0.0,0.0,78.93841512422982
13.847809561062604,23.131031746031756,1477.8809523809523,22.15214285714286,0.0,0.0,80.54334191921794
15.843200866132975,23.32882352941177,1477.2573529411766,22.260808823529405,7.352941176470588,0.0,79.15663502929003
16.94769670907408,23.108493150684936,1477.4794520547946,22.248904109589034,13.698630136986301,0.0,79.45813771219144
17.943943658145145,23.282709677419355,1480.5225806451613,22.07503225806451,18.70967741935484,0.0,79.38295776613201
18.939011434093118,23.322682926829273,1479.5426829268292,22.1405487804878,23.170731707317074,0.0,80.04093504253215
20.06945782713592,23.35902298850575,1480.7241379310344,22.195804597701144,27.586206896551722,0.0,79.8687762228237
21.26108019403182,23.4158152173913,1476.3423913043478,22.075054347826082,31.52173913043478,0.0,79.67257132625141
21.70331957913004,23.307499999999997,1476.2021276595744,22.144202127659565,32.97872340425532,0.0,80.3996957901759
23.69565105997026,23.466060606060605,1481.7878787878788,22.380101010100997,31.31313131313131,0.0,80.1790216101025
24.802241693949327,23.389807692307688,1480.7548076923076,22.415432692307682,29.807692307692307,0.0,80.44627629051804
25.90651206113398,23.378669724770646,1483.01376146789,22.738623853211003,28.440366972477065,0.0,80.73938103722882
27.010133672039956,23.318333333333342,1483.6754385964912,22.795833333333327,27.19298245614035,0.0,80.63542011125793
28.0047723071184,23.468059071729968,1481.5822784810127,22.722573839662434,26.160337552742615,0.0,79.9066341189189
28.999561314005405,23.354634146341475,1481.4227642276423,22.562032520325193,25.203252032520325,0.0,81.1156544452649
30.226933836005628,23.280546875000006,1483.296875,22.703749999999996,24.21875,0.0,81.82178831915778
31.280855034012347,23.403458646616546,1486.4398496240601,22.702255639097743,23.30827067669173,0.0,81.13431015898028
32.29221707303077,23.43123636363637,1486.2836363636363,22.65898181818181,22.545454545454547,0.0,80.94088108361552
33.28293266100809,23.250563380281694,1487.0669014084508,22.698767605633797,21.830985915492956,0.0,81.52055776669997
34.24812592798844,23.251399317406147,1483.6313993174062,22.712696245733778,21.160409556313994,0.0,81.41645898134718
35.23703080997802,23.147433333333332,1483.5066666666667,22.87766666666666,20.666666666666668,0.0,81.77542633671689
36.3755922219716,23.266500000000008,1484.68,22.773899999999994,20.666666666666668,0.0,80.88837301757142
37.411631579045206,23.14673333333334,1486.1433333333334,22.83203333333332,20.666666666666668,0.0,81.74583593674214
38.39720509503968,23.059900000000003,1478.99,22.55556666666665,20.666666666666668,0.0,81.3475237223584
39.500042444095016,23.121266666666656,1476.96,22.778533333333318,20.666666666666668,0.0,81.17363554534367
40.603672384051606,23.118266666666663,1479.17,22.662399999999995,20.666666666666668,0.0,81.80245890220246
41.713419466046616,22.815466666666662,1480.6166666666666,22.737699999999997,20.666666666666668,0.0,83.05059350123996
42.814527241978794,23.04523333333333,1478.9,22.827599999999986,20.666666666666668,0.0,82.37966735706225
43.922107835067436,23.0533,1478.5266666666666,23.012299999999982,20.666666666666668,0.0,82.68485499964557
45.04445747798309,23.08113333333333,1477.4466666666667,22.950399999999984,20.666666666666668,0.0,82.51682012101536
46.205502703087404,23.091499999999996,1475.0566666666666,23.163533333333323,20.666666666666668,0.0,82.07937818562245
47.198434927966446,23.1109,1477.4966666666667,23.155499999999993,20.666666666666668,0.0,81.88901230510436
48.31553077301942,23.038900000000005,1478.9066666666668,23.184099999999997,20.666666666666668,0.0,81.99733469250494
49.29254168202169,23.10620000000001,1478.72,23.159733333333328,19.666666666666668,0.0,81.41148600947746
50.25195802212693,22.97613333333334,1480.2133333333334,23.098866666666666,17.0,0.0,81.92051746927312
51.39434095402248,23.026433333333344,1479.1566666666668,23.245266666666673,13.333333333333334,0.0,81.89039134432193
52.384352599969134,22.760166666666677,1479.74,23.360666666666667,10.333333333333334,0.0,82.62932039251339
53.42854532506317,22.71953333333334,1479.58,23.167066666666667,7.0,0.0,82.83772885350419
54.53127684397623,22.669533333333334,1478.2733333333333,23.097033333333332,3.6666666666666665,0.0,82.76272840130879
55.634604659164324,22.6476,1479.5633333333333,22.980333333333334,0.3333333333333333,0.0,82.7423530440806
56.74209012114443,22.552133333333327,1477.4066666666668,22.828000000000007,0.0,0.0,82.98371288145108
57.845314427046105,22.505433333333325,1477.4333333333334,22.76083333333334,0.0,0.0,83.17148721537215
58.95015535503626,22.63569999999999,1476.65,22.65736666666667,0.0,0.0,82.17823985362958
60.116111535113305,22.544666666666657,1476.0533333333333,22.542566666666666,0.0,0.0,83.22321412590462
61.196444729110226,22.285666666666653,1477.68,22.566566666666663,0.0,0.0,84.39021152667783
62.28302159998566,22.284199999999984,1476.9566666666667,22.522599999999997,0.0,0.0,83.59811400370714
63.28085993696004,22.414299999999983,1474.16,22.57753333333333,0.0,0.0,82.57413037611066
64.34201685804874,22.18983333333332,1469.6433333333334,22.768933333333333,0.0,0.0,83.67460311731834
65.37574920104817,22.20109999999999,1466.1266666666668,22.705733333333338,0.0,0.0,83.22365288787547
66.46581918606535,22.361499999999996,1465.4066666666668,22.70116666666667,0.0,0.0,82.61266648992586
67.5736960270442,22.373499999999996,1467.6766666666667,22.57283333333333,0.0,0.0,82.3781471920425
68.68011611816473,22.5621,1469.2766666666666,22.366400000000002,0.0,0.0,82.05681018643102
69.7813386041671,23.01506666666667,1474.4033333333334,22.167133333333336,0.0,0.0,80.61524271088803
70.88634566101246,23.146166666666673,1470.4933333333333,22.24533333333333,0.0,0.0,80.38711572906203
71.99157104617916,23.09576666666668,1470.5,22.088699999999996,0.0,0.0,80.49625006256764
72.98767749103718,22.776400000000017,1472.91,21.87443333333332,0.0,0.0,82.01420401396905
73.98547051195055,22.694733333333346,1474.4433333333334,22.031999999999982,0.0,0.0,82.26355926867349
75.18470798595808,22.66003333333334,1473.2833333333333,22.181199999999983,0.0,0.0,83.2100152622167
76.36984284198843,22.367166666666673,1470.4933333333333,22.23076666666665,0.0,0.0,83.81111424496542
77.42675896012224,22.30983333333334,1471.31,22.32069999999999,0.0,0.0,83.99557220808919
78.51279133209027,22.246633333333342,1473.4866666666667,22.376099999999997,0.0,0.0,84.27162579953848
79.6191823661793,22.27186666666668,1476.5066666666667,22.51803333333334,0.0,0.0,84.80803038591851
80.72279376117513,22.105766666666668,1475.2466666666667,22.616233333333337,0.0,0.0,85.05360252302974
81.82902909000404,22.32343333333334,1474.46,22.463933333333337,0.0,0.0,84.76143447621759
82.93311998504214,22.511533333333333,1476.1533333333334,22.393766666666675,0.0,0.0,84.15246796324955
84.04211836797185,22.698566666666665,1476.94,22.38613333333335,0.0,0.0,83.59419352625692
85.27041129698046,22.651466666666664,1471.7033333333334,22.37073333333335,0.0,0.0,83.24894218313939
86.3582561891526,22.607166666666664,1470.2066666666667,22.417300000000026,0.0,0.0,83.10498340914506
87.39618178200908,22.885199999999998,1471.02,22.506000000000025,0.0,0.0,81.51376872690835
88.40645980997942,22.825666666666674,1474.88,22.52430000000003,0.0,0.0,81.86982124524606
89.4598303581588,22.76453333333334,1473.3566666666666,22.63396666666669,0.0,0.0,82.12510535483348
90.56079379213043,23.011400000000002,1474.88,22.669133333333352,0.0,0.0,81.28852615001709
91.66722726006992,22.950233333333333,1472.2766666666666,22.528766666666687,0.0,0.0,81.21968985640328
92.77193930000067,23.127733333333335,1472.9166666666667,22.508200000000013,0.0,0.0,79.9715228486358
93.87459316616878,23.129666666666676,1473.77,22.718700000000013,0.0,0.0,80.15538905938253
94.98036306304857,23.2,1473.5233333333333,22.919066666666666,0.0,0.0,80.9941051921543
96.17284854315221,23.23033333333333,1477.49,22.921999999999997,0.0,0.0,81.12772862058901
97.21558622806333,23.3614,1478.1666666666667,22.64406666666666,0.0,0.0,80.29942775383057
98.19917588215321,23.24036666666667,1482.0266666666666,22.510366666666663,0.0,0.0,80.65837290729267
99.25714322505519,23.12056666666667,1489.2466666666667,22.377666666666663,0.0,0.0,81.4572241349988
100.25929619302042,23.286199999999997,1485.7233333333334,22.48396666666666,0.0,0.0,80.76990978343626
101.40250671817921,23.4841,1487.3066666666666,22.447599999999987,0.0,0.0,80.04537619830658
102.50009573809803,23.149933333333344,1482.5466666666666,22.72746666666666,0.0,0.0,81.12407225471587
103.60103480610996,23.087466666666682,1485.9366666666667,22.883133333333326,0.0,0.0,81.25867707277636
104.70857392298058,22.807333333333347,1487.7466666666667,22.78613333333333,0.0,0.0,82.35816729589821
105.81432378198951,23.030033333333353,1490.6966666666667,22.68886666666666,0.0,0.0,81.7091092463087
106.916074590059,23.21453333333335,1488.4033333333334,22.764499999999988,0.0,0.0,80.8586452861673
108.021345020039,23.363933333333353,1488.2533333333333,22.5966,0.0,0.0,79.55798352636398
109.20790929812938,23.284100000000016,1491.15,22.3107,0.0,0.0,80.2586578230856
110.20845347014256,23.223966666666694,1492.1766666666667,22.215399999999995,0.0,0.0,80.5100007923618
111.29322362598032,23.19223333333336,1489.2466666666667,22.123133333333325,0.0,0.0,80.27943432981886
112.28633161704056,22.964166666666696,1491.6833333333334,22.060499999999994,0.0,0.0,80.82393661995314
113.40040486399084,22.970500000000033,1491.67,21.989733333333337,0.0,0.0,80.51506185359499
114.40346673503518,23.16923333333336,1491.4266666666667,22.133800000000004,0.0,0.0,80.29164996894195
115.41958887898363,23.18273333333336,1491.21,22.175333333333345,0.0,0.0,80.38389859596195
116.42952726199292,22.983733333333348,1491.21,22.3408,0.0,0.0,81.38642142404156
117.52690914017148,23.13910000000002,1490.9366666666667,22.301033333333336,0.0,0.0,80.97039779290039
118.63243090501055,23.11640000000002,1494.85,22.232066666666665,0.0,0.0,81.37597713619944
119.73622540500946,23.11990000000002,1498.5066666666667,22.304699999999997,0.0,0.0,82.32587599845355
120.84183809207752,23.132766666666683,1494.65,22.393299999999996,0.0,0.0,82.22921160616835
121.94713630713522,23.19426666666669,1492.9866666666667,22.47286666666665,0.0,0.0,81.98723969705543
122.94411088712513,23.134366666666686,1494.25,22.499533333333318,0.0,0.0,82.34293976141339
124.20027899416164,23.019700000000025,1496.1133333333332,22.434866666666643,0.0,0.0,83.19516854169956
125.19461068813689,22.92313333333335,1492.8,22.6563333333333,0.0,0.0,83.75067077605105
126.31259150616825,22.979733333333343,1491.48,22.740266666666642,0.0,0.0,83.85082117936132
127.29926859098487,22.86403333333335,1489.5433333333333,22.227366666666647,0.0,0.0,83.49165089228607
128.38567693415098,22.66130000000001,1488.89,22.30906666666665,0.0,0.0,84.047872917537
129.43944455916062,22.80056666666668,1486.5,22.109533333333317,0.0,0.0,83.4100728738418
130.4100284271408,22.618233333333354,1488.62,22.015733333333316,0.0,0.0,84.36903364348325
131.45738458097912,22.716766666666683,1485.0933333333332,22.171499999999988,0.0,0.0,83.83700501904065
132.5600208779797,22.680966666666677,1478.8833333333334,22.09626666666665,0.0,0.0,83.76401151999048
133.66268762410618,22.80876666666667,1477.4466666666667,22.324099999999977,0.0,0.0,83.40176285664663
134.77049725013785,22.504633333333334,1478.1766666666667,22.084866666666656,0.0,0.0,84.4884052752089
135.8733719580341,22.466033333333325,1481.8766666666668,22.06669999999999,0.0,0.0,84.24179695592333
136.97863381309435,22.752699999999994,1480.8533333333332,22.244566666666667,0.0,0.0,83.32249333241843
138.1984691801481,22.840899999999998,1481.3966666666668,22.270033333333338,0.0,0.0,83.51627497322752
139.19346496113576,22.888299999999997,1478.13,22.138166666666674,0.0,0.0,82.73319902374405
140.21721566515043,22.65543333333332,1478.9866666666667,21.891966666666665,0.0,0.0,83.98452658199523
141.30615144316107,22.559733333333327,1480.01,21.853433333333335,0.0,0.0,85.07837403028407
142.30375775299035,22.589,1479.0866666666666,21.925,0.0,0.0,84.69152862950848
143.40489349304698,22.619933333333336,1477.6066666666666,21.972799999999996,0.0,0.0,84.40052341479229
144.40532796806656,22.638133333333332,1475.0333333333333,21.993299999999998,0.0,0.0,84.21161697444623
145.49308343208395,22.80269999999999,1469.3733333333332,21.81106666666666,0.0,0.0,83.65388079758696
146.59658317198046,22.7728,1467.23,21.725,0.0,0.0,83.27709954764704
147.7032358830329,22.42250000000001,1470.7666666666667,21.884033333333342,0.0,0.0,84.58644941238218
148.80752406502143,22.404233333333345,1474.52,21.76333333333334,0.0,0.0,84.33026767772033
149.9105124999769,22.543133333333337,1471.4233333333334,21.56443333333334,0.0,0.0,83.39184885379736
151.0150776260998,22.356666666666673,1471.06,21.474633333333337,0.0,0.0,83.87951706263723
152.00966931995936,22.578500000000005,1470.79,21.500733333333333,0.0,0.0,82.85947540089103
153.21541890501976,22.507866666666676,1470.1466666666668,21.449566666666666,0.0,0.0,82.8588726083141
154.3913743570447,22.364900000000002,1476.64,21.548666666666666,0.0,0.0,83.8141527904888
155.42368731508031,22.444433333333325,1478.1233333333332,21.475099999999998,0.0,0.0,83.58096739353786
156.4081314371433,22.52296666666665,1476.7766666666666,21.321299999999994,0.0,0.0,83.14050637912771
157.38334122416563,22.616266666666665,1472.71,21.5239,0.0,0.0,82.65426732389571
158.42574819806032,22.641033333333326,1476.05,21.223366666666674,0.0,0.0,82.878199533455
159.52673259703442,22.511299999999984,1476.3233333333333,21.098833333333328,0.0,0.0,83.23931008202392
160.63219495909289,22.78293333333332,1479.3866666666668,21.251266666666663,0.0,0.0,82.07780131447534
161.73482155404054,22.938399999999984,1478.9133333333334,21.2814,0.0,0.0,81.16880265542511
162.84385273396038,22.583666666666655,1480.2833333333333,21.26976666666667,0.0,0.0,83.36472185090992
163.94531541503966,22.544599999999985,1480.3166666666666,21.390200000000007,0.0,0.0,83.93370384163305
165.21488914010115,22.58689999999998,1484.6566666666668,21.383233333333337,0.0,0.0,84.12846905125261
166.2352949839551,22.516533333333317,1487.0233333333333,21.259866666666667,0.0,0.0,84.27466127226498
167.36153266904876,22.292633333333324,1487.6566666666668,21.3322,0.0,0.0,85.27659455516518
168.38116465997882,22.169933333333326,1485.6366666666668,21.63676666666667,0.0,0.0,85.5908556017613
169.47889506211504,22.329733333333323,1481.9866666666667,21.548466666666663,0.0,0.0,85.29920584554951
170.57653810316697,22.112799999999986,1479.03,21.70716666666666,0.0,0.0,85.90830078997465
171.68190376716666,22.012999999999984,1478.14,21.759799999999988,0.0,0.0,86.49493580490677
172.79011720302515,22.00716666666666,1476.06,21.970433333333325,0.0,0.0,86.76525000123324
173.8940423890017,22.14433333333332,1476.9733333333334,22.10183333333332,0.0,0.0,85.50419370999477
175.00138955912553,22.249199999999995,1479.8666666666666,22.111933333333322,0.0,0.0,84.78103997756092
176.16937346197665,22.20946666666666,1483.8733333333332,22.13636666666665,0.0,0.0,85.60026405579046
177.22696657595225,22.375666666666657,1488.4533333333334,22.147633333333328,0.0,0.0,85.52071614349181
178.2083310619928,22.18226666666666,1489.23,22.2571,0.0,0.0,86.21895324883327
179.32011324795894,22.118799999999982,1489.4266666666667,22.243933333333334,0.0,0.0,86.69265659687517
180.4456446489785,22.00626666666665,1488.0766666666666,22.1049,0.0,0.0,86.83780558794734
181.43433555494994,21.903833333333324,1481.4566666666667,22.213566666666665,0.0,0.0,87.81714371733786
182.4918021161575,21.949499999999993,1482.56,22.426799999999993,0.0,0.0,87.77476558518066
183.50986932194792,21.999566666666663,1483.1666666666667,22.474966666666663,0.0,0.0,87.9195979147609
184.6144807790406,22.01043333333333,1485.46,22.482366666666667,0.0,0.0,88.34203159876861
185.72079353500158,21.775233333333333,1483.1433333333334,22.19596666666667,0.0,0.0,89.2040039486645
186.82896282314323,21.846899999999998,1480.7666666666667,22.197233333333344,0.0,0.0,88.27866110794497
187.93446957715787,21.79543333333333,1476.62,22.177200000000013,0.0,0.0,88.76258483308588
188.92559647397138,21.586999999999993,1479.1866666666667,22.17380000000001,0.0,0.0,89.95475437116085
189.92423371900804,21.12539999999999,1481.8966666666668,22.153500000000008,0.0,0.0,91.85391401662645
190.91557033010758,21.30223333333333,1486.96,22.352500000000006,0.0,0.0,91.02941079911177
192.02118533896282,21.282833333333333,1485.22,22.307699999999997,0.0,0.0,90.61802530322765
193.01580144511536,21.5443,1483.7833333333333,22.259033333333335,0.0,0.0,89.4925011664416
194.01056551095098,21.39206666666666,1484.19,22.526333333333334,0.0,0.0,90.47471299226748
195.23789366800338,21.397099999999995,1485.18,22.28993333333333,0.0,0.0,90.0921334465037
196.273144998122,21.841366666666662,1480.6233333333332,22.300800000000006,0.0,0.0,87.20162955922459
197.36641695303842,21.824599999999997,1480.8166666666666,22.34246666666667,0.0,0.0,87.09139474444287
198.3947187459562,21.84699999999999,1480.93,22.5972,0.0,0.0,86.96615224822104
199.4357778429985,21.935366666666663,1478.48,22.638500000000004,0.0,0.0,86.88444217866666
200.5321533989627,21.80493333333333,1476.75,22.48476666666667,0.0,0.0,87.35264930637247
201.64029550016858,22.072266666666668,1478.6333333333334,22.157966666666677,0.0,0.0,86.21289969241664
202.74268271913752,22.100166666666663,1480.87,22.183400000000006,0.0,0.0,86.35225724469906
203.85005211713724,22.299766666666663,1482.58,22.1472,0.0,0.0,85.75011555449933
204.95398916117847,22.302933333333335,1483.3466666666666,22.057700000000015,0.0,0.0,85.896762951118
206.09391707903706,22.32366666666667,1486.02,22.04140000000002,0.0,0.0,85.4359298148534
207.2455838760361,22.341166666666666,1484.31,21.98833333333334,0.0,0.0,85.51247301112514
208.32234053406864,22.443200000000004,1478.26,21.936100000000007,0.0,0.0,84.87406319386183
209.36834046198055,22.7399,1473.9166666666667,21.817133333333338,0.0,0.0,83.08747620144236
210.39617083710618,22.534033333333337,1473.7766666666666,21.911066666666674,0.0,0.0,83.5040686352344
211.39096800098196,22.277600000000003,1474.4333333333334,21.80670000000001,0.0,0.0,85.28672455937219
212.4705077961553,22.341366666666676,1472.62,21.8333,0.0,0.0,85.18429504261312
213.5788563231472,22.427100000000006,1475.57,21.7069,0.0,0.0,84.47086233155174
214.68070207396522,22.681766666666675,1481.7833333333333,21.521466666666665,0.0,0.0,83.55262419544356
215.78751544700935,22.892133333333344,1481.4766666666667,21.49166666666666,0.0,0.0,82.93684611949318
216.894748571096,22.811033333333345,1479.1566666666668,21.39426666666666,0.0,0.0,82.56320193654147
218.0013821539469,22.771933333333344,1477.6133333333332,21.662599999999994,0.0,0.0,82.63792425002747
219.16905415197834,22.907200000000003,1482.1966666666667,21.713299999999983,0.0,0.0,81.98042591551696
220.2409048799891,22.913999999999998,1483.6566666666668,21.739933333333315,0.0,0.0,81.85325760457457
221.26936494815163,22.976800000000004,1481.82,21.676233333333325,0.0,0.0,81.41412005806716
222.38022996508516,23.172000000000004,1479.5533333333333,21.907266666666654,0.0,0.0,80.6868488384312
223.42543495399877,23.36070000000001,1479.6266666666668,21.924633333333322,0.0,0.0,80.07476897093184
224.51889204513282,23.324933333333348,1477.87,22.108666666666657,0.0,0.0,80.3652213781613
225.62425551610067,23.034033333333344,1476.5066666666667,22.173166666666667,0.0,0.0,81.34628188558233
226.7342552919872,22.981933333333348,1478.41,22.119500000000006,0.0,0.0,81.29758004550399
227.8366502460558,23.035566666666675,1477.6866666666667,22.265666666666675,0.0,0.0,80.9388200671662
228.94238594616763,22.857433333333333,1478.2733333333333,22.323566666666665,0.0,0.0,81.37547850054705
230.1969401531387,23.036466666666673,1479.7533333333333,22.305833333333336,0.0,0.0,80.65597498034197
231.4116567929741,22.76813333333335,1477.6733333333334,22.182266666666667,0.0,0.0,81.85242432090882
232.47775685507804,22.763633333333342,1482.8966666666668,22.31356666666667,0.0,0.0,82.29972070340372
233.58329653716646,22.880666666666677,1485.41,22.30400000000001,0.0,0.0,81.97814109205328
234.68835907196626,22.941433333333343,1483.5166666666667,22.479766666666674,0.0,0.0,82.3654058303916
235.79823014815338,22.666200000000007,1481.7833333333333,22.385900000000003,0.0,0.0,82.92117822403158
236.90432799002156,22.543933333333342,1483.5833333333333,22.52663333333333,0.0,0.0,83.2463609112707
238.00888254516758,22.626200000000008,1481.1333333333334,22.61693333333333,0.0,0.0,83.23509415676736
239.00328234396875,22.519900000000014,1480.3466666666666,22.588499999999993,0.0,0.0,83.91663620010807
240.1991089989897,22.545966666666672,1480.94,22.77093333333332,0.0,0.0,83.80006017970423
241.2537650030572,22.52533333333334,1484.0833333333333,22.92529999999999,0.0,0.0,84.41874277448909
242.35686591616832,22.40126666666667,1488.0033333333333,23.06096666666666,0.0,0.0,84.673903510307
243.3799655509647,22.6493,1485.8366666666666,23.026499999999995,0.0,0.0,83.96446798721036
244.4220390811097,22.792466666666666,1488.3266666666666,23.18199999999999,0.0,0.0,82.7753786871532
245.52653242996894,23.162966666666673,1493.2366666666667,23.26526666666666,0.0,0.0,81.01798446307723
246.62865860713646,23.02816666666667,1490.8033333333333,23.396333333333327,0.0,0.0,82.22804999473927
247.73298017098568,22.838300000000004,1489.2233333333334,23.502299999999995,0.0,0.0,82.36777013093169
248.83819683617912,22.714166666666674,1490.4066666666668,23.48736666666666,0.0,0.0,82.68229158672294
249.94272438599728,22.65486666666667,1492.9233333333334,23.667133333333332,0.0,0.0,83.43216235676711
250.93854789901525,22.87220000000001,1492.02,23.993133333333336,0.0,0.0,82.91038138037973
252.216793471016,22.815400000000007,1485.41,23.938333333333336,0.0,0.0,83.19583432128023
253.3463714600075,22.670300000000008,1485.0966666666666,23.91466666666667,0.0,0.0,83.60031778344232
254.36778547312133,22.399533333333345,1489.0566666666666,24.04573333333334,0.0,0.0,85.50944415563612
255.42664237017743,22.429833333333345,1489.4666666666667,24.112700000000014,0.0,0.0,85.0031502180506
256.4641024421435,22.31633333333334,1487.7666666666667,24.054666666666684,0.0,0.0,85.22984151137169
257.5702868241351,22.49413333333334,1488.15,24.013766666666687,0.0,0.0,84.27384142573646
258.6760468671564,22.643333333333338,1489.67,24.144900000000014,0.0,0.0,84.497441525162
259.7844051909633,22.618700000000004,1488.6733333333334,24.167200000000012,0.0,0.0,84.5135723096508
260.889156810008,22.707133333333342,1485.4366666666667,24.16000000000001,0.0,0.0,83.97123895145121
261.9909655819647,22.812100000000008,1486.48,24.23653333333334,0.0,0.0,83.83621670648829
262.9857105461415,22.7922,1486.4766666666667,23.985266666666686,0.0,0.0,84.48147094241932
264.2045321960468,22.951066666666666,1487.7433333333333,23.883133333333355,0.0,0.0,83.68432272682567
264.97644162597135,22.978533333333335,1481.9233333333334,23.741533333333354,0.0,0.0,83.33169287566562
266.2691600320395,22.97096666666667,1477.9033333333334,23.753166666666683,0.0,0.0,82.93528728816318
267.3686604499817,22.938233333333322,1478.81,23.66216666666668,0.0,0.0,83.01145476599707
268.3382455690298,22.669599999999985,1480.0966666666666,23.642033333333345,0.0,0.0,84.5318699283102
269.41588729806244,22.71016666666665,1481.4733333333334,23.510466666666673,0.0,0.0,84.13645422273706
270.5143859840464,22.62043333333332,1478.5,23.4248,0.0,0.0,84.05015128473352
271.60889249597676,22.656399999999987,1477.93,23.327233333333332,0.0,0.0,83.35178428423295
272.7161784910131,22.833766666666662,1475.79,23.088166666666666,0.0,0.0,82.37446623788503
273.81782894115895,22.767899999999997,1477.9133333333334,23.22186666666667,0.0,0.0,82.47607998541625
274.92351220501587,22.732533333333325,1476.5,23.241933333333336,0.0,0.0,82.79958151286628
275.92140469001606,22.582466666666658,1474.0466666666666,22.747333333333337,0.0,0.0,83.52894662725889
277.04599765106104,22.59959999999998,1472.5466666666666,22.598000000000006,0.0,0.0,84.0651658996429
278.2145975311287,22.42669999999999,1470.96,22.642666666666674,0.0,0.0,84.40464167647553
279.2592102580238,22.37076666666665,1470.09,22.725733333333334,0.0,0.0,84.06141637332038
280.2598773490172,22.47923333333332,1472.5833333333333,22.492733333333334,0.0,0.0,83.90688223711253
281.36858898517676,22.48346666666666,1470.4,22.752200000000002,0.0,0.0,84.37757313748324
282.44582531997,22.4188,1469.8233333333333,22.60956666666667,0.0,0.0,84.92337584517617
283.5476056870539,22.274966666666668,1471.6566666666668,22.618966666666676,0.0,0.0,85.13015890872724
284.65068478905596,22.09256666666667,1475.2066666666667,22.26516666666667,0.0,0.0,86.32452229964429
285.75773301301524,22.196133333333332,1478.4333333333334,22.44976666666667,0.0,0.0,85.73927847795613
286.86216741916724,22.160766666666664,1478.5866666666666,22.400666666666666,0.0,0.0,86.17827129167468
287.96635361900553,22.292266666666663,1478.9933333333333,22.301866666666665,0.0,0.0,85.74632838770074
289.20614705304615,22.531166666666667,1474.1,22.277566666666655,0.0,0.0,84.72015274751391
290.2339685950428,22.55293333333334,1475.5366666666666,22.34693333333332,0.0,0.0,84.5407396769807
291.3037897159811,22.56923333333334,1476.2466666666667,22.21776666666666,0.0,0.0,84.08010688354828
292.40854911413044,22.31670000000001,1476.5466666666666,22.062366666666655,0.0,0.0,85.46996629060926
293.40907680103555,22.479266666666682,1479.5733333333333,22.03746666666665,0.0,0.0,85.10019855788849
294.42508219904266,22.611600000000017,1477.77,21.929133333333326,0.0,0.0,84.29043274087967
295.4831274601165,22.31690000000002,1479.6166666666666,22.021333333333327,0.0,0.0,85.19413401375229
296.5884061171673,21.942366666666686,1477.95,22.39526666666666,0.0,0.0,86.61692636217414
297.6945185221266,21.893166666666676,1477.4033333333334,22.522666666666666,0.0,0.0,86.84803755454544
298.8002724261023,21.89176666666668,1481.5733333333333,22.61193333333333,0.0,0.0,87.05219338020665
299.9036550910678,21.73453333333334,1483.1633333333334,22.4801,0.0,0.0,87.84544878468571
301.0089427679777,22.127933333333342,1484.74,22.5757,0.0,0.0,86.01273721545228
302.00312603614293,22.119066666666672,1482.94,22.5204,0.0,0.0,86.27751845118773
303.00272136810236,22.216100000000004,1484.9933333333333,22.742233333333335,0.0,0.0,85.82686983419325
304.2440786501393,22.53720000000001,1491.4533333333334,22.820933333333336,0.0,0.0,84.75108376305076
305.21158945397474,22.599733333333337,1493.49,22.884566666666675,0.0,0.0,84.30907674661395
306.23990249913186,22.533966666666668,1495.2433333333333,22.916200000000003,0.0,0.0,84.96953541677
307.2684924781788,22.507533333333335,1495.6333333333334,22.596433333333334,0.0,0.0,84.92148644810177
308.33047584304586,22.518866666666664,1493.6733333333334,22.656800000000004,0.0,0.0,84.17197615153974
309.3672839240171,22.4973,1493.1466666666668,22.706800000000005,0.0,0.0,84.11856476822106
310.40961136715487,22.481166666666663,1493.46,22.97426666666666,0.0,0.0,83.47681269549001
311.4914925380144,22.62166666666667,1496.25,23.149433333333327,0.0,0.0,83.46949834211799
312.5075239681173,22.5459,1497.2133333333334,22.824899999999985,0.0,0.0,84.16908240235392
313.6091418340802,22.78146666666666,1497.57,22.870366666666648,0.0,0.0,82.84039124711735
314.7143844200764,22.820133333333327,1495.81,22.589633333333317,0.0,0.0,81.64105616061168
315.8235964421183,22.82946666666666,1494.9966666666667,22.63549999999999,0.0,0.0,82.0129297164825
316.92572001111694,23.082566666666658,1492.5666666666666,22.562833333333327,0.0,0.0,80.61134420444711
317.92467377195135,23.040099999999992,1493.36,22.690233333333325,0.0,0.0,80.94151258735437
319.04367324803025,23.087499999999995,1494.8666666666666,22.81493333333332,0.0,0.0,80.91316355410476
320.02081338805147,23.13053333333332,1493.0266666666666,22.844599999999982,0.0,0.0,80.5299409363444
321.21235620207153,23.09826666666666,1492.46,23.047499999999978,0.0,0.0,80.15336993977915
322.24991183611564,23.09166666666666,1495.8833333333334,23.006766666666643,0.0,0.0,80.25565174348577
323.3792004319839,23.046266666666657,1492.6733333333334,22.949433333333314,0.0,0.0,80.9250715941526
324.4353247701656,23.044599999999985,1492.81,23.08429999999998,0.0,0.0,80.91064881344124
325.4421444651671,23.211733333333317,1491.8433333333332,23.288466666666654,0.0,0.0,80.18304912270345
326.542551032966,23.01133333333333,1493.4633333333334,23.10506666666666,0.0,0.0,80.84994417102342
327.6522826340515,23.27749999999999,1491.84,23.132333333333328,0.0,0.0,80.30707086326804
328.75482859206386,23.362699999999997,1489.65,23.081366666666668,0.0,0.0,79.87327337553542
329.86019248794764,23.51209999999999,1491.3233333333333,22.988399999999995,0.0,0.0,79.26746993329715
330.9642157929484,23.549266666666657,1492.2866666666666,22.999633333333332,0.0,0.0,79.50354834688679
332.16531165409833,23.48163333333332,1492.0,23.06569999999999,0.0,0.0,80.17623328118346
333.1999216801487,23.53939999999998,1490.0533333333333,22.96999999999999,0.0,0.0,79.69933842027703
334.32194853108376,23.28866666666664,1489.7,22.975066666666653,0.0,0.0,80.44207686130507
335.4081999391783,23.179899999999975,1489.9166666666667,22.996899999999997,0.0,0.0,81.25766972489069
336.4903654099908,22.93159999999998,1490.0066666666667,22.841299999999993,0.0,0.0,82.92953638856015
337.59562791814096,22.777399999999986,1485.5366666666666,22.82896666666666,0.0,0.0,83.44456549406745
338.70138045516796,22.702466666666655,1482.9766666666667,22.693566666666662,0.0,0.0,83.70291784496472
339.81058036116883,22.78689999999998,1483.5066666666667,22.7657,0.0,0.0,82.99390205318635
340.9122172400821,22.87133333333331,1484.5766666666666,22.8225,0.0,0.0,82.94754942524274
342.01735409814864,23.141799999999982,1486.9566666666667,22.900699999999997,0.0,0.0,82.30320541346818
343.0169802911114,23.401233333333312,1482.88,22.958599999999997,0.0,0.0,81.63976172429031
344.2975744011346,23.450399999999988,1479.29,22.6436,0.0,0.0,81.3810464758276
345.2386486469768,23.423733333333317,1475.2966666666666,22.736133333333335,0.0,0.0,81.21035019055297
346.41184913902543,23.31789999999999,1478.1833333333334,23.215800000000012,0.0,0.0,82.1475644914424
347.44562253705226,23.138766666666665,1478.0733333333333,23.383466666666678,0.0,0.0,82.98920959697216
348.53088824194856,23.14343333333333,1478.7333333333333,23.456433333333347,0.0,0.0,83.65290844753542
349.53624090901576,23.347466666666662,1478.95,23.438400000000012,0.0,0.0,82.89391763508235
350.6432194199879,23.24073333333333,1477.5966666666666,23.395300000000006,0.0,0.0,83.74995678520757
351.74531131307594,23.223666666666666,1475.1333333333334,23.561633333333337,0.0,0.0,83.75485630162179
352.85280277207494,23.02813333333334,1475.4533333333334,23.538333333333338,0.0,0.0,83.57044426653088
353.9546092171222,23.107733333333343,1476.3766666666668,23.47686666666667,0.0,0.0,83.72355135790477
355.20830293698236,22.808333333333344,1475.2133333333334,23.42503333333334,0.0,0.0,85.15438047570888
356.3572426731698,22.91003333333334,1476.62,23.690900000000006,0.0,0.0,85.01621526748094
357.26512855198234,22.994700000000005,1476.1133333333332,23.52320000000001,0.0,0.0,84.33755164804582
358.29411344300024,23.011533333333347,1474.0733333333333,23.655000000000005,0.0,0.0,84.55967113902577
359.4152618860826,22.944000000000006,1469.6266666666668,23.520933333333332,0.0,0.0,84.70481208356594
360.3994742431678,22.678866666666675,1468.6566666666668,23.83996666666667,0.0,0.0,85.28557484681754
361.4884608881548,22.779666666666678,1472.6966666666667,23.68766666666667,0.0,0.0,84.73717595834127
362.57867294410244,22.665966666666687,1470.4633333333334,23.745133333333342,0.0,0.0,84.66174544264632
363.68506893212907,22.972633333333356,1473.0166666666667,23.689633333333347,0.0,0.0,83.57876237240433
364.7882151911035,23.235133333333355,1471.86,23.639966666666673,0.0,0.0,81.81313209540204
365.89445332507603,23.26186666666668,1472.8633333333332,23.48856666666667,0.0,0.0,81.82404596445002
366.99982625897974,23.31033333333335,1468.76,23.541200000000003,0.0,0.0,81.52100728539158
367.99677505600266,23.285833333333347,1469.35,23.483466666666665,0.0,0.0,81.76990363085848
368.9923672201112,23.352800000000013,1466.7033333333334,23.49753333333333,0.0,0.0,81.26476382284484
370.1955598220229,23.433833333333347,1462.4066666666668,23.373133333333335,0.0,0.0,80.32204394132712
371.24050700105727,23.45480000000001,1462.99,23.42716666666667,0.0,0.0,80.2350123104627
372.3755458551459,23.33426666666667,1461.08,23.64693333333333,0.0,0.0,80.82933379007024
373.3876880281605,23.0333,1459.2666666666667,23.770899999999997,0.0,0.0,82.83725316312906
374.4117293690797,23.103333333333328,1459.37,23.563266666666664,0.0,0.0,82.48381424950388
375.5156013071537,22.88023333333332,1462.8733333333332,23.3326,0.0,0.0,83.55019772340762
376.6206776020117,22.902999999999988,1469.2666666666667,23.33163333333333,0.0,0.0,83.67640228353267
377.72165738302283,22.762799999999988,1471.43,23.3603,0.0,0.0,84.25818760172636
378.8270473801531,22.98459999999999,1469.9266666666667,23.375666666666664,0.0,0.0,83.9010860226483
379.93285431410186,23.004833333333327,1465.4633333333334,23.17103333333333,0.0,0.0,82.92568007947918
381.04468228295445,22.985099999999996,1467.0966666666666,22.984033333333333,0.0,0.0,83.54968327541403
382.0473855151795,22.787766666666663,1465.9633333333334,22.876500000000007,0.0,0.0,84.12085612069237
383.3087071250193,22.644533333333325,1468.8366666666666,22.95333333333334,0.0,0.0,84.2382382124706
384.36350913811475,22.78396666666666,1466.88,22.79816666666667,0.0,0.0,83.47789016861948
385.39361290005036,23.123233333333328,1465.0066666666667,22.661233333333332,0.0,0.0,81.7510823094435
386.4580499930307,23.207500000000007,1467.0633333333333,22.553699999999996,0.0,0.0,81.73111221270362
387.5589964380488,23.196533333333335,1461.43,22.517799999999994,0.0,0.0,81.41020782177014
388.6663369240705,23.281433333333332,1462.5,22.24146666666666,0.0,0.0,81.02496152692026
389.77045635017566,23.222433333333328,1460.63,22.08196666666665,0.0,0.0,81.30880396152233
390.87871665204875,23.041099999999986,1462.8433333333332,22.096599999999988,0.0,0.0,81.53905377452725
391.983924329048,22.991166666666654,1462.9433333333334,21.90936666666666,0.0,0.0,81.54321720324378
393.16323355794884,23.209433333333322,1464.5233333333333,21.75433333333333,0.0,0.0,80.80117363892442
394.2042778681498,22.869666666666657,1468.3466666666666,21.75193333333333,0.0,0.0,82.53342431887907
395.262046844,22.983333333333317,1465.2,21.865666666666666,0.0,0.0,82.25608555208184
396.32944312295876,23.081866666666652,1469.68,21.883100000000002,0.0,0.0,82.67331620396685
397.25125085096806,22.84193333333332,1467.8733333333332,21.7719,0.0,0.0,83.24798616073323
398.3957866949495,22.83889999999999,1466.4366666666667,22.022900000000007,0.0,0.0,83.28760476027769
399.40955170895904,22.720966666666655,1467.9366666666667,22.25240000000001,0.0,0.0,83.62446650154631
400.49976753699593,22.81469999999999,1472.56,22.2891,0.0,0.0,83.44865656242068
401.6013828541618,22.954499999999992,1472.93,22.420966666666672,0.0,0.0,82.5128944912696
402.70603192201816,22.947033333333323,1472.42,22.51250000000001,0.0,0.0,82.2539874955447
403.81026618601754,22.921400000000002,1477.0866666666666,22.230700000000013,0.0,0.0,82.44497187992548
404.91460205614567,22.948633333333326,1480.1933333333334,22.265100000000018,0.0,0.0,82.4000607308662
406.01839558407664,23.1756,1480.37,22.245266666666684,0.0,0.0,80.7675642461666
407.0176116190851,23.32853333333333,1480.64,22.244400000000013,0.0,0.0,79.96440549249238
408.19020779500715,23.373399999999993,1480.7933333333333,22.41783333333335,0.0,0.0,80.09461103976912
409.20178047800437,23.246966666666662,1478.7466666666667,22.54396666666668,0.0,0.0,80.54502757026314
410.00053357495926,23.09066666666666,1476.9866666666667,22.741500000000013,0.0,0.0,81.31660897877646
411.3096911739558,23.079899999999988,1478.49,22.78050000000001,0.0,0.0,81.51809780908629
412.27032829797827,23.04519999999999,1475.6233333333332,22.704066666666673,0.0,0.0,81.22432818145306
413.4463707511313,22.99106666666666,1482.59,22.777766666666675,0.0,0.0,82.20708997019466
414.53193951700814,22.99846666666667,1479.82,23.087300000000013,0.0,0.0,81.45231844015088
415.63336975011043,23.105700000000002,1480.5366666666666,23.066366666666678,0.0,0.0,80.86281423241272
416.74164613103494,23.085799999999995,1475.2133333333334,22.92846666666668,0.0,0.0,80.93420051838015
417.84540383308195,22.8266,1478.34,22.863300000000006,0.0,0.0,81.89459785307461
418.94908526795916,22.485366666666668,1476.33,22.946400000000004,0.0,0.0,83.48955169680603
419.94458869099617,22.363266666666668,1477.6633333333334,22.588100000000008,0.0,0.0,83.79756902461763
421.2506896550767,22.567866666666674,1482.22,22.719533333333334,0.0,0.0,83.37950663187527
422.3367820030544,22.576800000000016,1484.5066666666667,22.801733333333342,0.0,0.0,83.47379085302441
423.3820965681225,22.79223333333335,1488.1733333333334,22.84046666666667,0.0,0.0,82.82508122031871
424.3801578639541,22.82513333333335,1485.8466666666666,22.957299999999996,0.0,0.0,82.2400856437599
425.4717417191714,22.832566666666676,1491.71,22.803566666666658,0.0,0.0,82.8954933728072
426.5795571440831,22.58283333333334,1490.0333333333333,22.977266666666655,0.0,0.0,83.79705775839801
427.6819207931403,22.812400000000004,1486.1633333333334,22.944133333333326,0.0,0.0,82.27184203822871
428.7893956480548,22.645000000000014,1486.09,22.952733333333327,0.0,0.0,83.19978407889617
429.895292614121,22.725100000000023,1485.93,22.82006666666666,0.0,0.0,82.99628448378013
430.99639265215956,22.678266666666694,1485.02,22.58499999999999,0.0,0.0,83.80847421116849
431.9914124091156,22.739133333333353,1487.21,22.583399999999987,0.0,0.0,83.78805372212369
433.19993384112604,22.64586666666668,1483.26,22.358333333333317,0.0,0.0,83.99274298700878
434.25449274713174,22.660766666666678,1485.29,22.21186666666665,0.0,0.0,83.73578392259378
435.30095583805814,22.874566666666674,1486.6366666666668,22.321199999999976,0.0,0.0,82.85983502781234
436.20216267416254,22.77616666666667,1486.6533333333334,22.539666666666655,0.0,0.0,83.61601554630487
437.252046442125,22.99403333333333,1488.4366666666667,22.567099999999993,0.0,0.0,82.86692008955319
438.4119216480758,22.801666666666666,1483.75,22.4345,0.0,0.0,83.7606042016369
439.5076484461315,22.852099999999993,1486.65,22.41246666666667,0.0,0.0,84.27905018114502
440.61672491417266,22.654766666666657,1483.03,22.43266666666667,0.0,0.0,84.87930213785114
441.7182152001187,22.58519999999999,1484.1966666666667,22.45576666666667,0.0,0.0,84.72847041052641
442.82562138000503,22.501066666666652,1484.8233333333333,22.190566666666673,0.0,0.0,85.16556939390983
443.9290933019947,22.421033333333323,1485.8766666666668,21.94986666666667,0.0,0.0,85.15292166441387
444.9238844551146,22.553199999999993,1486.9033333333334,21.965700000000002,0.0,0.0,83.9429557571492
446.0432708261069,22.823399999999992,1487.7,22.06993333333334,0.0,0.0,83.34116825330224
447.2365016869735,22.915433333333333,1489.76,21.84193333333334,0.0,0.0,82.97303791703668
448.387365948176,22.863533333333333,1490.56,21.72683333333333,0.0,0.0,83.40661712817763
449.46309280605055,22.86533333333333,1488.7033333333334,21.75053333333333,0.0,0.0,83.27318267586269
450.56096655200236,23.02536666666667,1491.09,21.75043333333333,0.0,0.0,83.0622875590322
451.66960518504493,23.012666666666668,1488.4366666666667,21.694199999999995,0.0,0.0,82.73844842753594
452.7717985501513,23.514600000000005,1486.9033333333334,21.747799999999987,0.0,0.0,80.27007808313499
453.8773479789961,23.76436666666667,1480.1,21.98026666666665,0.0,0.0,79.66993027460089
454.9850607421249,23.728866666666676,1478.8566666666666,22.074899999999996,0.0,0.0,79.70240583333594
455.98080139094964,23.777100000000004,1476.2333333333333,22.177733333333325,0.0,0.0,79.36259849615698
457.19432601705194,23.602866666666664,1476.3333333333333,22.060166666666657,0.0,0.0,80.34365827429077
458.185281972168,23.623099999999994,1473.0866666666666,22.145899999999994,0.0,0.0,80.31100337814632
459.2676826280076,23.743233333333333,1475.6233333333332,22.369199999999992,0.0,0.0,80.2329228871629
460.27740016998723,23.761666666666656,1476.1166666666666,22.355266666666665,0.0,0.0,80.3499067552637
461.2568278121762,23.740999999999993,1475.73,22.579533333333334,0.0,0.0,80.23862332492578
462.405481897993,23.472799999999996,1476.8266666666666,22.301633333333342,0.0,0.0,81.63281460319651
463.49849801999517,23.553566666666658,1472.0333333333333,22.454366666666672,0.0,0.0,80.15954096281497
464.6013748641126,23.585866666666657,1470.3,22.561866666666674,0.0,0.0,79.63897821864681
465.70882835495286,23.279466666666657,1467.36,22.62013333333334,0.0,0.0,81.09895443221849
466.81383433705196,23.39979999999999,1466.8066666666666,22.419600000000003,0.0,0.0,80.82869676246611
467.91825842810795,23.417233333333332,1461.2666666666667,22.223066666666668,0.0,0.0,80.69101796108808
469.0239781490527,23.365833333333324,1462.5633333333333,22.071400000000004,0.0,0.0,80.83219053237893
470.1852551549673,23.392633333333322,1462.1533333333334,22.109000000000005,0.0,0.0,80.77685421088977
471.23607551911846,23.473333333333326,1462.6466666666668,22.482366666666675,0.0,0.0,80.50057445494046
472.3111349560786,23.39153333333332,1459.6966666666667,22.53196666666667,0.0,0.0,80.19610979443043
473.3617076759692,23.30893333333332,1458.29,22.600033333333336,0.0,0.0,80.72129324750692
474.39557821303606,23.49746666666665,1459.5,22.468633333333337,0.0,0.0,79.62684100622322
475.43725292314775,23.748966666666654,1459.35,22.465933333333343,0.0,0.0,79.21228402006372
476.48908192198724,23.834833333333314,1460.1133333333332,22.558733333333347,0.0,0.0,79.4039480350427
477.53158695297316,23.76806666666665,1458.1433333333334,22.688966666666676,0.0,0.0,79.63693935061893
478.63737209909596,23.80263333333331,1454.4866666666667,22.834833333333343,0.0,0.0,79.11959070430137
479.74425017717294,23.821499999999975,1453.4733333333334,22.65980000000002,0.0,0.0,79.14826049316763
480.8520223570522,23.767433333333315,1454.4666666666667,22.76293333333335,0.0,0.0,79.76139425820004
481.95329604204744,23.706833333333314,1455.3666666666666,22.725866666666676,0.0,0.0,80.08539546705485
483.2626433761325,23.56709999999999,1454.6133333333332,22.945033333333345,0.0,0.0,81.0045849199626
484.197693701135,23.647266666666656,1454.0333333333333,22.878466666666668,0.0,0.0,80.70132572595507
485.24483007611707,23.85083333333332,1454.41,23.087233333333337,0.0,0.0,79.55511431923104
486.31486313208006,23.49119999999999,1457.02,22.961766666666673,0.0,0.0,81.124034691806
487.4161872661207,23.385433333333328,1458.2466666666667,22.888400000000008,0.0,0.0,81.24597339305231
488.4381277509965,23.347233333333335,1458.1866666666667,22.79043333333334,0.0,0.0,81.77943463818089
489.4696471821517,23.42926666666667,1460.4366666666667,22.741733333333336,0.0,0.0,81.8666588509901
490.5762498760596,23.51703333333334,1459.92,22.911666666666665,0.0,0.0,80.93728698373685
491.6819910129998,23.43033333333334,1459.8866666666668,22.64043333333333,0.0,0.0,80.66342531673655
492.78617300698534,23.393166666666676,1460.3533333333332,22.40159999999999,0.0,0.0,80.61305307229709
493.89550631004386,23.42123333333334,1458.7366666666667,22.241233333333327,0.0,0.0,80.21359914057233
494.9991316210944,23.731400000000004,1457.0366666666666,22.577499999999997,0.0,0.0,79.01687826667536
495.99135225405917,23.656100000000006,1459.0066666666667,22.554633333333324,0.0,0.0,79.20355558121422
496.9901510961354,23.45280000000001,1465.6333333333334,22.53696666666666,0.0,0.0,80.63010087953766
498.225007497007,23.607266666666685,1467.6733333333334,22.57139999999999,0.0,0.0,79.98861358911641
499.3839052771218,23.75683333333335,1469.4566666666667,22.542266666666656,0.0,0.0,78.88855717959554
500.3515767119825,23.774166666666684,1468.88,22.74179999999999,0.0,0.0,78.61290906053195
501.4332207799889,23.721433333333348,1469.2633333333333,22.69493333333332,0.0,0.0,79.1324465832463
502.5167214181274,23.678633333333348,1466.36,22.782799999999984,0.0,0.0,78.91007417520059
503.62274318910204,23.29260000000001,1464.07,22.657833333333322,0.0,0.0,80.5175262341562
504.7267504290212,23.34100000000001,1463.51,22.32546666666666,0.0,0.0,80.01185986497558
505.8324479609728,23.413166666666672,1466.89,21.984699999999993,0.0,0.0,80.12542465751295
506.9361530991737,23.431666666666672,1465.5566666666666,22.00779999999999,0.0,0.0,80.1730972795359
508.04310913407244,23.21183333333335,1466.4966666666667,22.19379999999998,0.0,0.0,81.2932122547581
509.21247772313654,23.16806666666668,1469.3533333333332,22.161333333333314,0.0,0.0,81.32351618618367
510.28657748317346,23.15400000000001,1470.1066666666666,22.05659999999998,0.0,0.0,81.12815733500433
511.43217814713717,23.108600000000003,1468.91,21.874766666666655,0.0,0.0,81.50760964264022
512.3867086470127,23.085966666666668,1469.73,22.09866666666666,0.0,0.0,81.32719151345464
513.4597218681592,22.914300000000004,1467.82,22.225833333333327,0.0,0.0,81.46348573715235
514.5615675221197,23.0215,1466.9266666666667,22.400633333333328,0.0,0.0,80.90159856627463
515.670359011041,22.877300000000005,1465.2933333333333,22.21506666666667,0.0,0.0,81.45142110249716
516.7741412681062,22.842333333333343,1469.6133333333332,21.859733333333335,0.0,0.0,81.34995842789169
517.8781033239793,22.641133333333343,1467.9266666666667,21.861900000000002,0.0,0.0,82.46082215978997
518.9834696711041,22.859033333333347,1467.6233333333332,21.848700000000004,0.0,0.0,81.91150250036947
519.9795050560497,22.929100000000005,1468.4066666666668,21.973733333333342,0.0,0.0,81.64066923854239
521.2005802521016,22.784533333333325,1473.1866666666667,21.805333333333348,0.0,0.0,82.79389454541392
522.2336236850824,23.003999999999994,1476.14,22.06273333333335,0.0,0.0,81.89267285105075
523.3679451730568,22.969033333333336,1474.87,22.04680000000002,0.0,0.0,82.4478312029957
524.4121419440489,23.001866666666675,1476.8633333333332,22.148866666666695,0.0,0.0,82.47403596685125
525.5073354409542,22.793266666666675,1473.6033333333332,22.385900000000028,0.0,0.0,83.24534776859835
526.6160780431237,22.626900000000003,1475.7866666666666,22.515333333333366,0.0,0.0,84.09991991297642
527.7201127640437,22.59933333333334,1476.9466666666667,22.11373333333336,0.0,0.0,84.16527667413413
528.8269962330814,22.396100000000004,1473.9566666666667,22.33486666666669,0.0,0.0,85.39899370082291
529.9292052621022,22.607100000000003,1469.5533333333333,22.623866666666697,0.0,0.0,84.11638098636013
531.0364547821227,22.5112,1470.1666666666667,22.27453333333335,0.0,0.0,84.20360609293608
532.2830953311641,22.482766666666656,1468.4433333333334,22.48130000000001,0.0,0.0,84.5144092204031
533.3756098551676,22.653833333333328,1469.77,22.363266666666668,0.0,0.0,84.06419147663138
534.3700419261586,22.68406666666665,1468.9866666666667,22.756,0.0,0.0,83.68295042758554
535.3743630270474,22.68969999999998,1470.0766666666666,22.69246666666666,0.0,0.0,83.65630318325843
536.4196985149756,22.92876666666665,1472.54,22.65786666666666,0.0,0.0,82.85850839899287
537.4521332490258,23.06776666666665,1473.2133333333334,22.61736666666666,0.0,0.0,82.32362733418218
538.5513930111192,22.90779999999999,1472.0133333333333,22.921899999999983,0.0,0.0,82.7739129162684
539.6558469550218,22.829699999999992,1476.8066666666666,23.14073333333332,0.0,0.0,83.32258893182131
540.7658541609999,22.893566666666658,1478.4,23.393099999999983,0.0,0.0,82.86387618542368
541.8668502559885,23.03519999999999,1475.1633333333334,23.53683333333332,0.0,0.0,82.42905117263676
542.9724154029973,22.931933333333323,1476.7566666666667,23.747233333333323,0.0,0.0,83.27434688686195
544.1737104861531,22.900999999999986,1479.63,23.629866666666658,0.0,0.0,83.22960752851671
545.1862087121699,22.899266666666655,1479.02,23.429533333333325,0.0,0.0,83.40762499419498
546.3197744630743,23.051399999999987,1482.4033333333334,23.340799999999998,0.0,0.0,83.69405079406548
547.3777389971074,23.221666666666653,1483.6933333333334,23.22036666666667,0.0,0.0,82.97319964182175
548.4105606069788,23.256566666666654,1486.44,23.267766666666674,0.0,0.0,83.22506597767497
549.4217664960306,23.54073333333332,1482.4,23.297000000000008,0.0,0.0,81.66705243454194
550.4206100869924,23.644999999999985,1481.25,23.576366666666672,0.0,0.0,80.6942471883231
551.4895950010978,23.441766666666652,1486.9266666666667,23.717900000000004,0.0,0.0,81.72180666601092
552.5951030680444,23.26016666666666,1486.26,23.48740000000001,0.0,0.0,81.87082827447735
553.695568864001,23.333566666666666,1481.85,23.43960000000001,0.0,0.0,80.86626694436436
554.804399315035,23.072166666666664,1478.39,23.431000000000004,0.0,0.0,81.75988747424613
555.9063771201763,23.108966666666664,1476.2666666666667,23.513999999999996,0.0,0.0,81.00091425674181
557.0118806459941,23.088833333333334,1471.9433333333334,23.308699999999995,0.0,0.0,80.31933438346715
558.1666588380467,23.1378,1469.94,23.183866666666667,0.0,0.0,80.302614030419
559.2533156380523,23.441,1473.0266666666666,23.29343333333334,0.0,0.0,79.34693818133172
560.1910075361375,23.488266666666668,1469.8366666666666,23.30016666666668,0.0,0.0,78.89455961378188
561.2591850340832,23.375100000000003,1470.23,23.18853333333335,0.0,0.0,79.95625473265744
562.3810487701558,23.635199999999998,1474.1166666666666,23.201800000000006,0.0,0.0,79.02572308200979
563.3597833320964,23.4578,1478.0466666666666,23.085833333333348,0.0,0.0,80.13694151526326
564.4046961800195,23.703833333333325,1476.24,23.271666666666682,0.0,0.0,79.42674084764413
565.4235642310232,23.772066666666657,1479.4433333333334,23.305933333333346,0.0,0.0,79.48429861328164
566.4194178520702,23.63833333333333,1478.5166666666667,23.457533333333345,0.0,0.0,79.9265403250416
567.5132370081265,23.739733333333323,1480.7166666666667,23.441266666666674,0.0,0.0,79.67679490535428
568.6187013851013,23.729166666666654,1481.32,23.490966666666683,0.0,0.0,80.13511359379349
569.725946506951,23.60283333333331,1478.4666666666667,23.69520000000002,0.0,0.0,80.54249929761146
570.8329088620376,23.594366666666648,1476.0966666666666,23.523433333333358,0.0,0.0,80.07058328922386
571.9395893751644,23.56866666666665,1477.97,23.556200000000025,0.0,0.0,80.35276291277157
573.194204361178,23.630499999999984,1472.3766666666668,23.373700000000017,0.0,0.0,79.59474446368604
574.1716114799492,23.821033333333315,1470.5333333333333,23.036600000000014,0.0,0.0,78.80243490101098
575.3872047481127,23.693733333333316,1471.4233333333334,22.930933333333343,0.0,0.0,78.48482332754772
576.4021083051339,23.56506666666665,1468.54,22.795966666666672,0.0,0.0,78.32424027866765
577.3937455411069,23.49996666666665,1466.5633333333333,22.948600000000003,0.0,0.0,78.82985859410117
578.4619596691336,23.286033333333325,1463.85,23.2447,0.0,0.0,79.41369236516108
579.566642484162,23.32393333333333,1462.9333333333334,23.25486666666667,0.0,0.0,78.64388725711132
580.6696187271737,23.245766666666665,1462.5,23.157366666666668,0.0,0.0,78.67574161118945
581.77434568014,23.03646666666667,1463.33,23.345899999999997,0.0,0.0,79.87107350213407
582.8832880421542,22.86466666666667,1461.2566666666667,23.37353333333334,0.0,0.0,80.48758283785756
583.9870126210153,23.17646666666667,1461.19,23.301333333333343,0.0,0.0,79.36645069057595
585.193532763049,23.26926666666667,1463.5466666666666,23.361600000000003,0.0,0.0,78.99138683429328
586.2344477060251,23.252000000000006,1466.71,23.34193333333333,0.0,0.0,79.49692860144853
587.3347075639758,23.139933333333342,1465.36,23.347299999999994,0.0,0.0,80.03978939385281
588.3925874370616,23.07283333333334,1468.22,23.420299999999994,0.0,0.0,80.46916634899637
589.343801822979,23.102233333333338,1471.7366666666667,23.55943333333333,0.0,0.0,80.42223611322058
590.4222617279738,23.07186666666667,1470.8,23.726433333333333,0.0,0.0,80.51368225049012
591.5028115829919,23.317733333333326,1472.72,23.651633333333336,0.0,0.0,79.16590149835403
592.6113800811581,23.129866666666658,1476.1333333333334,23.412533333333332,0.0,0.0,80.31393452193004
593.7126463181339,23.12826666666666,1476.4133333333334,23.414399999999997,0.0,0.0,80.1510657649184
594.8201523530297,23.151699999999988,1476.2166666666667,23.647,0.0,0.0,79.71408591890044
595.9277867949568,23.281566666666656,1471.5966666666666,23.407700000000006,0.0,0.0,77.97978119047106
596.9198594940826,23.345233333333322,1471.6133333333332,23.29693333333334,0.0,0.0,77.76280696931234
597.913290026132,23.053233333333328,1470.0833333333333,23.165899999999997,0.0,0.0,78.70747403495089
599.0187587849796,23.210733333333323,1467.4666666666667,22.977933333333333,0.0,0.0,78.19757306464895
600.2283010489773,23.20503333333332,1468.4233333333334,22.71690000000001,0.0,0.0,78.48319089869305
601.2681030461099,23.426633333333317,1469.67,22.64096666666667,0.0,0.0,77.31248984005173
602.3600196600892,23.51909999999998,1471.19,22.534900000000007,0.0,0.0,77.89044846807053
603.3703494369984,23.481733333333313,1470.28,22.683833333333343,0.0,0.0,78.13775422131206
604.4359344420955,23.369733333333325,1471.0533333333333,22.53073333333334,0.0,0.0,78.94092396306294
605.5452745761722,23.403466666666652,1469.2866666666666,22.434366666666673,0.0,0.0,78.07730328547217
606.6474802701268,23.425966666666646,1468.73,22.453566666666674,0.0,0.0,78.3339881884088
607.7523843341041,23.485033333333323,1469.4133333333334,22.622800000000012,0.0,0.0,77.94015109329253
608.8614540060516,23.607399999999995,1470.96,22.560666666666677,0.0,0.0,77.91752203561884
609.9631004780531,23.5947,1466.5366666666666,22.79716666666667,0.0,0.0,77.84851427403773
611.2347288820893,23.725733333333327,1467.5033333333333,22.577466666666673,0.0,0.0,77.06379518015162
612.1877660120372,23.722233333333328,1469.58,22.462233333333334,0.0,0.0,77.26935467565448
613.2474331669509,23.57333333333333,1468.0833333333333,22.3577,0.0,0.0,77.88249261921563
614.318494600011,23.676199999999987,1461.9266666666667,22.4045,0.0,0.0,77.43497049263499
615.3978151350748,23.846166666666658,1461.4766666666667,22.424733333333325,0.0,0.0,76.32608903235904
616.4044897090644,23.93213333333333,1464.0,22.56066666666666,0.0,0.0,76.54382197345495
617.4814788170625,23.780666666666665,1465.4633333333334,22.755866666666666,0.0,0.0,76.97714103818276
618.5881111160852,23.69306666666667,1465.33,22.55886666666667,0.0,0.0,77.5815847410392
619.6896678570192,23.5852,1464.73,22.518466666666665,0.0,0.0,77.8437047953987
620.795701659983,23.832566666666672,1467.4333333333334,22.439633333333322,0.0,0.0,76.36314805305628
621.901366282953,23.642266666666664,1467.36,22.247333333333327,0.0,0.0,77.79433754365351
623.0069020700175,23.459999999999994,1468.36,22.15849999999999,0.0,0.0,79.77129596625741
624.2451939191669,23.410999999999987,1470.86,22.40079999999999,0.0,0.0,81.29839074602397
625.2757967701182,23.13973333333332,1469.27,22.344499999999993,0.0,0.0,82.55301215175294
626.2891496880911,22.969866666666658,1466.5,22.479199999999988,0.0,0.0,82.7164397980993
627.2955432450399,23.085466666666655,1470.16,22.6214,0.0,0.0,82.45766050871205
628.3040653951466,22.90963333333333,1472.68,22.804166666666664,0.0,0.0,83.36196689214943
629.4188037801068,22.821833333333334,1474.9833333333333,22.93696666666666,0.0,0.0,84.12646781991707
630.4265740751289,22.787533333333336,1473.8033333333333,22.851133333333323,0.0,0.0,84.22783818210132
631.5208160781767,22.836333333333346,1473.35,22.977266666666655,0.0,0.0,84.25908018698652
632.622167024063,22.444066666666675,1474.1233333333332,22.991633333333322,0.0,0.0,85.78539232132964
633.7320800710004,22.51630000000001,1472.1966666666667,22.85519999999999,0.0,0.0,85.16703899196223
634.8326708751265,22.46116666666668,1471.02,23.03979999999999,0.0,0.0,85.12711496147973
635.9375824120361,22.582033333333346,1470.8033333333333,22.89809999999999,0.0,0.0,84.42772946067566
637.2341379290447,22.630566666666674,1472.04,23.202266666666652,0.0,0.0,84.13801082665192
638.3045563751366,22.703800000000008,1473.4733333333334,23.246766666666655,0.0,0.0,84.26989999496861
639.4014193371404,22.516066666666674,1476.5433333333333,23.027233333333317,0.0,0.0,85.25093709592585
640.4696524280589,22.373100000000008,1474.6533333333334,22.91049999999999,0.0,0.0,86.35552481314842
641.5748279830441,22.34066666666667,1473.7466666666667,23.07146666666665,0.0,0.0,86.20325360085171
642.6801958021242,22.223833333333346,1474.23,22.981199999999994,0.0,0.0,86.78516558444215
643.7868579560891,22.190333333333346,1475.15,22.925133333333335,0.0,0.0,86.89863694921102
644.8909275189508,22.152666666666683,1476.1233333333332,22.760800000000007,0.0,0.0,87.17251296005688
645.9958982509561,22.22660000000001,1475.7333333333333,22.696533333333335,0.0,0.0,86.79808802255998
646.990639709169,22.071900000000007,1479.4966666666667,22.829700000000003,0.0,0.0,87.88995617660233
647.9894413310103,21.94316666666667,1481.8466666666666,22.58216666666667,0.0,0.0,88.65029224898487
649.2544761840254,21.85816666666667,1482.4733333333334,22.52529999999999,0.0,0.0,88.94161910569633
650.3158859601244,21.89860000000001,1482.1466666666668,22.430966666666656,0.0,0.0,88.85144036192719
651.461222835118,21.858233333333338,1483.8266666666666,22.19003333333332,0.0,0.0,88.75554691956785
652.5140732531436,22.167933333333337,1486.6433333333334,22.285166666666658,0.0,0.0,87.84064496328344
653.514589295024,22.30216666666667,1484.7933333333333,22.441666666666656,0.0,0.0,87.56682147225791
654.6175241379533,22.339,1483.14,22.42866666666665,0.0,0.0,86.92993145293796
655.726109117968,22.562966666666657,1480.5266666666666,22.62459999999998,0.0,0.0,85.06641469903958
656.8313068430871,22.65739999999998,1481.11,22.71049999999998,0.0,0.0,83.24065520507799
657.9357610139996,22.844333333333314,1479.8833333333334,22.37689999999997,0.0,0.0,82.56657644043467
659.041624766076,23.000099999999982,1481.7733333333333,22.380366666666646,0.0,0.0,82.23731725923265
660.1978417751379,23.179633333333307,1481.7233333333334,22.347899999999974,0.0,0.0,81.46320981421309
661.3230950720608,23.19399999999997,1483.3333333333333,22.19519999999999,0.0,0.0,81.3982991583801
662.2950222671498,23.293199999999977,1482.16,22.14826666666666,0.0,0.0,80.98997869172408
663.425139331026,23.25616666666665,1485.5633333333333,22.33103333333333,0.0,0.0,81.1397158206129
664.4572131149471,23.09599999999998,1488.0466666666666,22.392066666666665,0.0,0.0,81.86510150746562
665.4617726351134,23.248233333333314,1492.1366666666668,22.419966666666667,0.0,0.0,81.6596463991598
666.5660560759716,23.41756666666665,1493.1566666666668,22.45976666666667,0.0,0.0,81.26527063551256
667.6640776770655,23.136199999999988,1492.25,22.550766666666675,0.0,0.0,82.22796767910054
668.7671045600437,23.058233333333334,1495.8733333333332,22.61323333333334,0.0,0.0,82.37344607442591
669.8729184120893,22.950300000000006,1495.3766666666668,22.46160000000001,0.0,0.0,82.62258515451602
670.9802983151749,23.02853333333334,1497.3733333333332,22.542233333333343,0.0,0.0,82.73371041622416
672.26567174308,23.196500000000004,1495.2833333333333,22.73453333333334,0.0,0.0,81.49451308116011
673.2328984020278,23.279433333333344,1494.37,22.973266666666678,0.0,0.0,80.40498689262137
674.2849782709964,23.05406666666668,1497.1433333333334,22.778066666666675,0.0,0.0,81.56419472418533
675.2781048330944,23.104166666666682,1497.0733333333333,22.796099999999996,0.0,0.0,81.33311291402693
676.4373869071715,23.354900000000008,1500.8966666666668,22.93766666666667,0.0,0.0,81.0966657767641
677.4497009990737,23.398066666666672,1499.1566666666668,22.90523333333334,0.0,0.0,80.9256494964313
678.4925909931771,23.364000000000008,1497.68,23.0346,0.0,0.0,81.48554372276031
679.4909290941432,23.427666666666674,1495.23,23.179933333333334,0.0,0.0,81.52540662247587
680.5932496481109,23.50116666666668,1494.4933333333333,23.34753333333333,0.0,0.0,80.87692035461428
681.6992567691486,23.22573333333335,1496.1433333333334,23.6074,0.0,0.0,82.15336114863612
682.8061601039954,23.128200000000014,1494.74,23.468466666666657,0.0,0.0,82.23311578223867
683.9127958870959,23.473200000000013,1490.7866666666666,23.614633333333327,0.0,0.0,80.32528969107382
685.0153282820247,23.35083333333335,1487.52,23.619699999999998,0.0,0.0,80.48724015216652
686.1914483800065,23.26010000000002,1488.2133333333334,23.54303333333334,0.0,0.0,81.11671066914319
687.2409754369874,23.222466666666676,1488.8066666666666,23.681866666666675,0.0,0.0,81.37503354473306
688.2768258049618,22.960733333333344,1490.6933333333334,23.435133333333344,0.0,0.0,82.43657995751023
689.2698455529753,23.055033333333345,1491.2966666666666,23.34280000000001,0.0,0.0,82.71156363296186
690.3884398050141,23.178700000000013,1489.1166666666666,23.365266666666674,0.0,0.0,82.50672488668984
691.4073935421184,22.97456666666667,1488.9766666666667,23.42610000000001,0.0,0.0,83.46181776355591
692.3699262230657,22.82600000000001,1486.7233333333334,23.759800000000006,0.0,0.0,83.62914717592231
693.4212492329534,22.676133333333333,1485.3333333333333,23.72316666666668,0.0,0.0,84.07059548885577
694.5210473551415,22.593366666666665,1482.96,23.658800000000006,0.0,0.0,84.73646517911754
695.6263832929544,22.57189999999999,1483.8166666666666,23.611866666666668,0.0,0.0,85.24964652873756
696.7366221351549,22.430999999999994,1481.7,23.652266666666666,0.0,0.0,85.39015460595145
697.8408577381633,22.793433333333326,1480.6933333333334,23.630899999999997,0.0,0.0,83.69104963901658
698.9427248269785,22.618066666666664,1474.8266666666666,23.597533333333324,0.0,0.0,84.10918473112265
699.9389599310234,22.659799999999997,1474.2133333333334,23.720533333333325,0.0,0.0,83.8434187792776
701.0514888791367,22.734366666666666,1471.4866666666667,23.53169999999999,0.0,0.0,83.64314207342576
702.2335396080744,22.837133333333327,1473.43,23.469499999999993,0.0,0.0,83.76673048540783
703.2247799411416,22.6439,1470.6533333333334,23.718233333333323,0.0,0.0,84.44104761762894
704.3778974991292,22.689499999999992,1469.5133333333333,23.689933333333325,0.0,0.0,83.90109174912827
705.3805800571572,22.61126666666666,1470.7933333333333,23.65386666666666,0.0,0.0,84.48531544426223
706.4496928001754,22.732666666666667,1474.1433333333334,23.571166666666667,0.0,0.0,84.33138628767293
707.4609147540759,22.983599999999996,1472.04,23.663599999999995,0.0,0.0,83.21419712551614
708.5601326839533,22.955933333333334,1469.5633333333333,23.556766666666668,0.0,0.0,83.37856628136073
709.6665645460598,22.722499999999993,1471.1733333333334,23.51536666666667,0.0,0.0,83.79045784619566
710.7710324521177,22.495799999999996,1470.9266666666667,23.528599999999994,0.0,0.0,85.13957669682306
711.8768948290963,22.519600000000004,1471.5533333333333,23.781099999999995,0.0,0.0,84.24295281211118
712.984459994128,22.620033333333325,1474.0966666666666,23.51313333333333,0.0,0.0,83.90468613661471
713.9774282041471,22.74256666666666,1470.96,23.286733333333324,0.0,0.0,83.50388166051818
714.9761249830481,23.05046666666666,1473.51,23.293133333333326,0.0,0.0,82.67134972067721
715.9702180940658,23.14606666666667,1476.45,23.02226666666666,0.0,0.0,82.67153429778025
716.9624348571524,23.0437,1475.6733333333334,23.03536666666666,0.0,0.0,82.92425278302571
717.9605541441124,22.985700000000005,1473.6533333333334,23.2491,0.0,0.0,83.66077703624717
719.2708294990007,22.7949,1473.21,23.2992,0.0,0.0,84.10210078504412
720.3953637550585,22.872233333333327,1475.4533333333334,23.02586666666667,0.0,0.0,83.56492742092453
721.4827891290188,23.001766666666672,1476.7866666666666,23.034166666666675,0.0,0.0,83.36084629276314
722.4925239770673,23.049233333333344,1474.8033333333333,22.996133333333347,0.0,0.0,82.06033425950586
723.5942828601692,23.125766666666667,1474.0933333333332,22.99723333333335,0.0,0.0,81.72692645186135
724.7013755219523,23.173,1475.3,22.93636666666668,0.0,0.0,81.40154300466915
725.8064589779824,23.45373333333334,1476.5633333333333,22.522066666666674,0.0,0.0,80.61858590797264
726.9120073381346,23.24280000000001,1478.3733333333332,22.511766666666674,0.0,0.0,82.22131282557561
728.0176611100323,23.36636666666667,1473.1033333333332,22.404833333333343,0.0,0.0,81.277962469395
729.0122011280619,23.170766666666673,1468.97,22.30356666666668,0.0,0.0,82.04314511718626
730.2778137221467,23.361633333333344,1464.72,22.195166666666672,0.0,0.0,80.89255341543819
731.2976267861668,23.36153333333334,1468.1333333333334,22.188766666666673,0.0,0.0,81.12881998981514
732.3915915701073,23.35100000000002,1472.9533333333334,22.130633333333336,0.0,0.0,81.24459939349273
733.4260584330186,23.386700000000012,1473.05,22.131399999999996,0.0,0.0,81.0788205547418
734.42824320402,23.340800000000016,1473.8066666666666,22.15476666666666,0.0,0.0,81.00239418208982
735.4392127061728,23.20120000000002,1474.2666666666667,22.257799999999996,0.0,0.0,82.2496154595686
736.4934494609479,23.268466666666686,1473.55,21.956166666666658,0.0,0.0,82.11750164689762
737.5249131880701,23.20343333333335,1474.65,21.988299999999995,0.0,0.0,82.53639563140752
738.631911088014,23.427700000000012,1473.91,22.07249999999999,0.0,0.0,81.75109066621113
739.734500358114,23.30770000000001,1476.8366666666666,22.184399999999993,0.0,0.0,82.25053084002944
740.8394911910873,23.418466666666674,1476.4166666666667,22.500733333333326,0.0,0.0,82.18584595381961
741.9452274530195,23.47950000000001,1474.77,22.286066666666656,0.0,0.0,81.64415628311531
742.9396823430434,23.59293333333334,1471.78,22.285699999999995,0.0,0.0,80.93328066945395
743.937484044116,23.57793333333334,1472.5866666666666,22.463999999999995,0.0,0.0,80.75354692411616
745.0471929879859,23.684933333333333,1470.2533333333333,22.24526666666666,0.0,0.0,80.31948839627923
746.0445128921419,23.66633333333334,1468.7466666666667,22.31,0.0,0.0,80.73011710434983
747.2435209760442,23.468900000000005,1472.7266666666667,22.220866666666673,0.0,0.0,81.17394495624802
748.3940652741585,23.467700000000008,1469.0766666666666,22.1383,0.0,0.0,80.62713315472443
749.4262690141331,23.631100000000007,1463.6433333333334,22.565,0.0,0.0,79.27524643828895
750.4289285079576,23.58393333333334,1464.1566666666668,22.3988,0.0,0.0,79.4105209466108
751.457093185978,23.663666666666675,1466.3466666666666,22.329800000000002,0.0,0.0,78.79305053144927
752.4651900280733,23.62406666666668,1469.1033333333332,22.1844,0.0,0.0,79.59266751749139
753.5522891930304,23.665300000000013,1467.5766666666666,22.31726666666667,0.0,0.0,79.67520147384253
754.6620452110656,23.641366666666684,1464.8333333333333,22.420833333333334,0.0,0.0,79.56747057016436
755.7671915369574,23.498533333333345,1467.1966666666667,22.49433333333334,0.0,0.0,81.45168091033207
756.8734403699636,23.37823333333335,1465.4033333333334,22.331900000000008,0.0,0.0,81.92842286919377
757.9769656390417,23.333300000000015,1467.5933333333332,22.350533333333342,0.0,0.0,82.20984719585263
758.9724287940189,23.229766666666677,1467.16,22.47133333333334,0.0,0.0,81.94567066932701
759.9638450900093,23.563966666666673,1464.8733333333332,22.591700000000003,0.0,0.0,80.19404108196262
761.189507461153,23.64166666666667,1468.0666666666666,22.51610000000001,0.0,0.0,80.21433145572018
762.2287772370037,23.861100000000004,1473.27,22.799366666666675,0.0,0.0,79.11526233533604
763.286919065984,23.78153333333334,1476.0133333333333,22.729000000000006,0.0,0.0,80.01350309721155
764.3505158449989,23.715233333333334,1475.6366666666668,22.912400000000005,0.0,0.0,79.97181858624623
765.3650395220611,23.441066666666668,1473.5133333333333,23.145300000000013,0.0,0.0,81.35397407134552
766.3948556741234,23.398766666666667,1471.6566666666668,22.989266666666676,0.0,0.0,81.30981024839687
767.479755687993,23.351533333333336,1471.5766666666666,23.147333333333346,0.0,0.0,81.37629155991702
768.5851173801348,23.590700000000002,1471.1033333333332,23.055333333333333,0.0,0.0,80.0570362467067
769.6907932360191,23.6754,1472.0266666666666,23.043899999999994,0.0,0.0,79.85935602234188
770.7961346160155,23.570100000000004,1469.4433333333334,22.807899999999993,0.0,0.0,80.05127754991949
771.9013837450184,23.34253333333333,1468.7066666666667,22.682766666666662,0.0,0.0,80.5888561070847
773.0080256001092,23.295299999999997,1467.2966666666666,22.78233333333333,0.0,0.0,80.99727985928929
774.2260195561685,23.41486666666667,1471.0,22.772366666666667,0.0,0.0,80.49907432384065
775.2533600360621,23.47156666666666,1472.69,23.0289,0.0,0.0,80.34484242258584
776.5435086609796,23.353899999999996,1474.4433333333334,22.945933333333343,0.0,0.0,81.41329236402031
777.6513906861655,23.389833333333325,1477.9033333333334,22.872000000000007,0.0,0.0,81.54159698659333
778.7539752919693,23.36266666666666,1478.63,22.99086666666668,0.0,0.0,81.38670853571008
779.8638872711454,23.160033333333335,1479.34,22.952700000000014,0.0,0.0,82.36603652298491
780.9646911781747,23.127466666666663,1477.3,23.063833333333346,0.0,0.0,82.46392745401512
781.9631682441104,23.046099999999992,1477.86,22.90840000000001,0.0,0.0,82.99091030377697
783.2038019981701,23.05939999999999,1482.2133333333334,22.75220000000001,0.0,0.0,83.27499377107516
784.2890411161352,23.01246666666666,1480.7433333333333,22.775766666666673,0.0,0.0,83.3203349483412
785.266988659976,23.00989999999999,1479.8933333333334,22.824333333333335,0.0,0.0,83.04912099212498
786.413108424982,22.985933333333328,1479.4,22.863199999999996,0.0,0.0,83.10014849773057
787.4892235749867,22.944999999999997,1482.4733333333334,22.937599999999996,0.0,0.0,82.94600127915675
788.591603924986,22.968599999999995,1480.83,23.04926666666666,0.0,0.0,82.28963858763419
